2026-04-29T13:59:28.044175	1	30	complete	30
2026-04-29T14:02:37.459303	1	30	complete	30
2026-04-29T14:09:15.300601	1	30	complete	30
2026-04-29T14:19:15.589372	2	30	complete	60
2026-04-29T14:29:15.840979	3	30	complete	90
2026-04-29T14:39:16.211197	4	30	complete	120
2026-04-29T14:48:34.943966	1	30	complete	30
2026-04-29T14:49:16.465167	5	30	complete	150
2026-04-29T14:57:24.622080	1	30	complete	30
2026-04-29T14:58:35.241934	2	30	complete	60
2026-04-29T14:59:16.864483	6	30	complete	180
2026-04-29T15:08:35.515158	3	30	complete	90
2026-04-29T15:09:17.119834	7	30	complete	210
2026-04-29T15:18:35.833012	4	30	complete	120
2026-04-29T15:19:17.439210	8	30	complete	240
2026-04-29T15:28:39.155233	5	30	complete	150
2026-04-29T15:29:21.868616	9	30	complete	270
