timestamp,file_path,operation,content_hash_kb,database_growth_bytes,confidence_updates,symbols_affected,cross_reference_density,hidden_layering_depths_active
2026-04-29T14:30:00Z,unified_overnight_research/unified_overnight_research/database/gematria_database.json,CREATE,1.5KB,1555,"[124:0.95,666:0.85,963:0.75,55:0.80,111:0.70,279:0.75]","[124,666,55,963,279,111]",["1,2,3"],true
2026-04-29T14:30:00Z,unified_overnight_research/unified_overnight_research/obsidian_exports/CORE_SYMBOL_124.md,CREATE,3.8KB,3821,"[bridge_analysis:0.95]","[666,55,963,279,111]",["1,2,3"],true
2026-04-29T14:30:00Z,unified_overnight_research/unified_overnight_research/obsidian_exports/CORE_SYMBOL_666.md,CREATE,3.7KB,3699,"[cycle_completion:0.85]","[124,55,963,279,111]",["1,2,3"],true
2026-04-29T14:30:00Z,unified_overnight_research/unified_overnight_research/obsidian_exports/CORE_SYMBOL_55.md,CREATE,3.8KB,3775,"[diplomacy_networks:0.80]","[124,666,963,279,111]",["1,2,3"],true
2026-04-29T14:30:00Z,unified_overnight_research/unified_overnight_research/obsidian_exports/CORE_SYMBOL_963.md,CREATE,3.4KB,3362,"[communication_patterns:0.75]","[124,666,55,279,111]",["1,2,3"],true
2026-04-29T14:30:00Z,unified_overnight_research/unified_overnight_research/obsidian_exports/CORE_SYMBOL_111.md,CREATE,3.4KB,3394,"[activation_events:0.70]","[124,666,55,963,279]",["1,2,3"],true
2026-04-29T14:30:00Z,unified_overnight_research/unified_overnight_research/obsidian_exports/CORE_SYMBOL_279.md,CREATE,3.3KB,3304,"[transition_cycles:0.75]","[124,666,55,963,111]",["1,2,3"],true
2026-04-29T14:30:00Z,unified_overnight_research/unified_overnight_research/obsidian_exports/RELATIONSHIP_MATRIX.md,CREATE,8.3KB,8286,"[matrix_confidence:0.86]","[all_symbols]",["1,2,3"],true
2026-04-29T14:30:00Z,unified_overnight_research/unified_overnight_research/obsidian_exports/DOMAIN_CONVERGENCE_REPORT.md,CREATE,15.5KB,15545,"[political:0.85,religious:0.84,economic:0.81,military:0.81,elemental:0.82]","[all_symbols]","[1,2,3]",true
2026-04-29T14:30:00Z,unified_overnight_research/unified_overnight_research/obsidian_exports/ANALYSIS_TIMELINE.md,CREATE,11.4KB,11370,"[timeline:cycle_1_complete]","[all_symbols]","[1,2,3]",true
